,City,Lat,Lng,Max Temp,Humidity,Cloudiness,Wind Speed,Country,Date
0,Gornopravdinsk,60.05,69.9,45.0,78,100,6.38,RU,1630106712
1,Ilo,-17.6394,-71.3375,59.25,81,58,6.17,PE,1630106713
2,Nikolskoye,59.7035,30.7861,60.69,84,97,6.8,RU,1630106713
3,Barrow,71.2906,-156.7887,41.02,70,90,26.46,US,1630106713
4,Bekhtery,46.251,32.2927,68.99,70,0,2.8,UA,1630106713
5,Ushuaia,-54.8,-68.3,38.86,56,75,19.57,AR,1630106703
6,Noumea,-22.2763,166.4572,80.58,64,0,3.87,NC,1630106714
7,Tiksi,71.6872,128.8694,36.05,99,100,7.94,RU,1630106714
8,Poum,-20.2333,164.0167,74.73,73,27,7.36,NC,1630106714
9,Arrecife,28.963,-13.5477,73.47,83,20,19.57,ES,1630106658
10,Hermanus,-34.4187,19.2345,45.81,75,82,11.63,ZA,1630106715
11,San Cristobal,7.7669,-72.225,71.78,78,38,3.33,VE,1630106715
12,Atuona,-9.8,-139.0333,78.08,78,4,16.15,PF,1630106715
13,Busselton,-33.65,115.3333,49.08,82,100,9.4,AU,1630106715
14,Vostok,46.4856,135.8833,60.73,86,14,5.32,RU,1630106716
15,Arraial do Cabo,-22.9661,-42.0278,70.5,87,89,12.37,BR,1630106716
16,Kloulklubed,7.0419,134.2556,82.9,73,58,7.81,PW,1630106716
17,Rikitea,-23.1203,-134.9692,73.71,78,4,18.05,PF,1630106717
18,Hobart,-42.8794,147.3294,47.23,91,75,1.01,AU,1630106717
19,Røros,62.5747,11.3842,31.84,93,1,3.44,NO,1630106717
20,Katherine,-14.4667,132.2667,70.12,46,21,6.91,AU,1630106717
21,Ixtapa,20.7,-105.2,85.23,74,90,5.75,MX,1630106718
22,Saint-Augustin,51.226,-58.6502,52.65,72,62,22.91,CA,1630106718
23,Neuquén,-38.9516,-68.0591,53.49,50,0,3.44,AR,1630106718
24,Lüderitz,-26.6481,15.1594,51.35,63,1,10.25,NA,1630106718
25,Port Lincoln,-34.7333,135.8667,52.95,76,66,18.34,AU,1630106719
26,Ponta do Sol,32.6667,-17.1,73.71,69,33,2.71,PT,1630106719
27,Vanimo,-2.6741,141.3028,80.28,83,45,6.26,PG,1630106719
28,Saint Paul Harbor,57.79,-152.4072,60.31,51,40,14.97,US,1630106719
29,The Valley,18.217,-63.0578,85.86,79,40,13.8,AI,1630106720
30,Torbay,47.6666,-52.7314,66.27,96,90,13.8,CA,1630106720
31,Forsytheganj,52.6333,29.7333,56.48,89,49,0.98,BY,1630106720
32,Castro,-24.7911,-50.0119,54.63,98,100,7.29,BR,1630106721
33,Puerto Ayora,-0.7393,-90.3518,69.55,87,81,5.01,EC,1630106721
34,Gorontalo,0.5412,123.0595,76.28,92,90,1.23,ID,1630106721
35,Saint George,37.1041,-113.5841,104.47,9,1,5.99,US,1630106721
36,Yangi Marg`ilon,40.4272,71.7189,74.12,43,92,6.91,UZ,1630106722
37,Port Alfred,-33.5906,26.891,52.84,64,97,21.85,ZA,1630106722
38,Bathsheba,13.2167,-59.5167,83.01,83,40,17.27,BB,1630106722
39,Albany,42.6001,-73.9662,80.55,70,39,5.17,US,1630106722
40,Erzin,36.9559,36.2,79.0,67,0,1.16,TR,1630106723
41,Beloha,-25.1667,45.05,66.42,64,0,10.63,MG,1630106723
42,Cape Town,-33.9258,18.4232,46.11,91,40,9.22,ZA,1630106723
43,Vestmannaeyjar,63.4427,-20.2734,54.43,90,100,12.73,IS,1630106723
44,San Ramon,37.7799,-121.978,103.23,23,90,1.99,US,1630106592
45,Yeniseysk,58.4497,92.1703,55.36,95,6,3.13,RU,1630106724
46,Asău,46.4333,26.4,61.75,87,29,5.44,RO,1630106724
47,Bengkulu,-3.8004,102.2655,73.71,84,90,5.32,ID,1630106724
48,Naberera,-4.2,36.9333,57.25,75,3,6.62,TZ,1630106725
49,Kudahuvadhoo,2.6708,72.8944,81.63,77,40,14.56,MV,1630106725
50,Requena,39.4883,-1.1004,72.14,31,0,6.31,ES,1630106725
51,Deder,9.3167,41.45,59.68,68,56,6.2,ET,1630106725
52,Kaitangata,-46.2817,169.8464,48.25,87,100,7.29,NZ,1630106726
53,Avera,33.194,-82.5271,83.71,59,100,5.88,US,1630106726
54,Caceres,39.522,-6.3748,69.8,59,1,7.94,ES,1630106726
55,Port Elizabeth,-33.918,25.5701,50.29,53,0,12.66,ZA,1630106435
56,La Libertad,-2.2333,-80.9,69.46,88,90,11.5,EC,1630106727
57,Caucaia,-3.7361,-38.6531,80.55,74,0,11.5,BR,1630106727
58,George Town,5.4112,100.3354,78.89,89,20,0.0,MY,1630106727
59,Vila Velha,-20.3297,-40.2925,75.15,78,75,10.36,BR,1630106728
60,Abu Samrah,35.3029,37.1841,81.66,26,0,5.48,SY,1630106728
61,Mahébourg,-20.4081,57.7,71.89,88,75,17.27,MU,1630106728
62,Butaritari,3.0707,172.7902,83.3,73,40,11.25,KI,1630106729
63,Samarai,-10.6167,150.6667,80.04,85,81,13.42,PG,1630106729
64,Kapaa,22.0752,-159.319,85.98,66,20,3.0,US,1630106729
65,Tuktoyaktuk,69.4541,-133.0374,51.8,87,75,10.36,CA,1630106730
66,Kharp,66.8014,65.8081,42.73,84,93,7.85,RU,1630106730
67,Huari,-9.3333,-77.2333,48.47,72,100,3.74,PE,1630106730
68,Port Hardy,50.6996,-127.4199,59.18,88,75,3.44,CA,1630106730
69,Vaini,-21.2,-175.2,73.56,68,40,11.5,TO,1630106731
70,Richards Bay,-28.783,32.0377,68.05,80,68,10.13,ZA,1630106731
71,Novobelokatay,55.7062,58.9549,49.5,83,84,10.85,RU,1630106731
72,Airai,-8.9266,125.4092,64.2,46,100,3.83,TL,1630106732
73,Cetraro,39.5166,15.9416,71.24,78,39,4.36,IT,1630106732
74,São Filipe,14.8961,-24.4956,78.22,84,30,7.67,CV,1630106732
75,Longyearbyen,78.2186,15.6401,39.04,81,20,14.97,SJ,1630106732
76,Chokurdakh,70.6333,147.9167,40.53,62,100,14.92,RU,1630106733
77,Smolenka,52.1352,113.4974,44.67,100,24,0.0,RU,1630106733
78,Narsaq,60.9167,-46.05,44.82,65,0,3.13,GL,1630106733
79,Mataura,-46.1927,168.8643,49.48,76,97,2.82,NZ,1630106733
80,Solnechnyy,50.7214,136.6319,60.85,95,100,2.04,RU,1630106734
81,Yārāda,17.65,83.2667,79.12,100,90,2.3,IN,1630106734
82,New Norfolk,-42.7826,147.0587,46.89,88,91,2.24,AU,1630106734
83,Jiexiu,37.0244,111.9125,69.15,47,100,2.51,CN,1630106734
84,Tulum,20.2167,-87.4667,86.05,68,73,2.35,MX,1630106735
85,Cidreira,-30.1811,-50.2056,56.14,74,50,7.11,BR,1630106735
86,Avarua,-21.2078,-159.775,73.45,53,75,8.05,CK,1630106735
87,Oboyan',51.2098,36.2792,62.92,89,90,4.74,RU,1630106736
88,Kyra,49.5776,111.9753,52.66,73,29,2.91,RU,1630106736
89,Redlands,34.0556,-117.1825,108.64,12,1,4.0,US,1630106736
90,Dovers,12.8833,-61.1833,82.04,82,49,19.69,VC,1630106736
91,Kautokeino,69.0125,23.0412,43.41,82,82,0.81,NO,1630106737
92,North Bend,43.4065,-124.2243,78.24,63,1,21.85,US,1630106737
93,Vaitape,-16.5167,-151.75,77.81,76,14,8.77,PF,1630106737
94,Muros,42.7762,-9.0603,64.9,91,8,3.0,ES,1630106737
95,Punta Arenas,-53.15,-70.9167,37.51,93,90,18.41,CL,1630106693
96,Oudtshoorn,-33.5907,22.2014,39.56,65,9,3.8,ZA,1630106738
97,Kruisfontein,-34.0033,24.7314,42.89,72,63,10.69,ZA,1630106738
98,Jimma,7.6667,36.8333,59.68,98,100,2.77,ET,1630106738
99,Kumul,42.8,93.45,72.18,32,37,7.05,CN,1630106738
100,Capitão Poço,-1.7464,-47.0594,74.37,94,99,5.44,BR,1630106739
101,Fukuechō,32.6881,128.8419,80.96,94,40,5.75,JP,1630106739
102,Saint-Philippe,-21.3585,55.7679,69.39,94,99,22.01,RE,1630106739
103,Bud,39.447,-86.1758,89.44,76,64,5.82,US,1630106740
104,Yelizovo,53.1873,158.3805,57.34,100,90,0.0,RU,1630106740
105,Kirksville,40.1948,-92.5833,90.05,61,1,4.0,US,1630106740
106,Fortuna,40.5982,-124.1573,88.41,65,1,5.99,US,1630106740
107,Saint-Pierre,-21.3393,55.4781,69.48,89,75,27.63,RE,1630106741
108,Changji,44.0167,87.3167,74.19,27,0,11.18,CN,1630106741
109,Ilulissat,69.2167,-51.1,39.22,87,90,6.91,GL,1630106741
110,Bredasdorp,-34.5322,20.0403,45.28,81,72,12.66,ZA,1630106741
111,Arkhangelsk,64.5401,40.5433,41.11,87,0,4.47,RU,1630106742
112,San Quintín,30.4833,-115.95,78.96,60,29,16.04,MX,1630106742
113,Jamestown,42.097,-79.2353,78.71,88,1,1.99,US,1630106482
114,Timmins,48.4669,-81.3331,62.42,48,75,6.91,CA,1630106711
115,Dumai,1.6833,101.45,72.54,98,50,2.82,ID,1630106742
116,Saskylakh,71.9167,114.0833,35.47,86,100,15.9,RU,1630106743
117,Faanui,-16.4833,-151.75,77.83,76,13,8.77,PF,1630106743
118,Cherskiy,68.75,161.3,49.98,56,42,3.29,RU,1630106743
119,Newtownards,54.5924,-5.6909,55.35,93,0,3.44,GB,1630106743
120,Mount Gambier,-37.8333,140.7667,49.91,57,89,19.57,AU,1630106744
121,Necochea,-38.5473,-58.7368,45.03,78,30,5.93,AR,1630106744
122,Sorong,-0.8833,131.25,77.18,85,100,1.28,ID,1630106744
123,Venice,27.0998,-82.4543,84.99,82,1,1.01,US,1630106672
124,East London,-33.0153,27.9116,54.19,56,100,16.49,ZA,1630106745
125,Doha,25.2867,51.5333,93.09,75,9,4.61,QA,1630106746
126,Senador Guiomard,-10.1522,-67.7392,76.75,39,38,3.67,BR,1630106746
127,Kirkenær,60.4564,12.0582,58.03,74,99,5.41,NO,1630106536
128,Svodín,47.9105,18.4997,55.13,85,0,4.29,SK,1630106721
129,Provideniya,64.3833,-173.3,45.82,91,100,15.84,RU,1630106746
130,Sur,22.5667,59.5289,85.82,56,100,8.84,OM,1630106747
131,Nīlokheri,29.8333,76.9167,75.6,93,100,7.81,IN,1630106747
132,Salalah,17.0151,54.0924,77.09,100,90,5.75,OM,1630106747
133,Lotoshino,56.2267,35.6414,54.19,87,64,10.16,RU,1630106748
134,Lompoc,34.6391,-120.4579,98.02,67,1,16.11,US,1630106748
135,Byron Bay,-28.65,153.6167,70.05,38,0,8.52,AU,1630106467
136,Skibbereen,51.55,-9.2667,58.8,92,0,5.84,IE,1630106748
137,Pailón,-17.65,-62.75,68.9,60,61,9.69,BO,1630106748
138,Mago,53.2514,140.1822,63.37,94,100,3.65,RU,1630106749
139,Guerrero Negro,27.9769,-114.0611,87.78,47,7,13.56,MX,1630106749
140,Paragominas,-2.9667,-47.4833,81.68,67,100,5.39,BR,1630106749
141,Rabo de Peixe,37.8,-25.5833,69.31,83,40,6.91,PT,1630106750
142,Ossora,59.2353,163.0719,56.98,91,99,2.01,RU,1630106750
143,Moose Factory,51.2585,-80.6094,60.8,72,1,8.05,CA,1630106750
144,Deputatsky,69.3,139.9,39.76,92,100,4.12,RU,1630106750
145,Dikson,73.5069,80.5464,39.16,81,21,3.76,RU,1630106751
146,Yinchuan,38.4681,106.2731,65.71,39,90,10.29,CN,1630106596
147,Blythe,33.6103,-114.5964,116.04,9,20,9.22,US,1630106528
148,Taoudenni,22.6783,-3.9836,100.81,19,97,16.73,ML,1630106751
149,Guhāgar,17.4842,73.1929,76.89,88,91,1.86,IN,1630106751
150,Yantzaza,-3.8278,-78.7594,70.03,94,83,0.45,EC,1630106752
151,Caravelas,-17.7125,-39.2481,71.85,83,1,6.62,BR,1630106752
152,Roald,62.5833,6.1333,53.33,73,0,2.48,NO,1630106752
153,Srikakulam,18.3,83.9,77.07,85,100,6.69,IN,1630106752
154,Nome,64.5011,-165.4064,48.27,57,40,17.27,US,1630106753
155,Ancud,-41.8697,-73.8203,47.73,92,100,9.62,CL,1630106753
156,Bilibino,68.0546,166.4372,50.99,64,98,1.5,RU,1630106753
157,Road Town,18.4167,-64.6167,84.29,89,75,13.8,VG,1630106753
158,Thompson,55.7435,-97.8558,64.56,52,75,5.75,CA,1630106754
159,Hofn,64.2539,-15.2082,54.12,99,100,13.73,IS,1630106754
160,Plouzané,48.3833,-4.6167,59.09,87,0,5.75,FR,1630106754
161,Ambon City,-3.6954,128.1814,77.14,94,40,3.44,ID,1630106755
162,Rocha,-34.4833,-54.3333,43.18,77,5,2.28,UY,1630106755
163,Ketchikan,55.3422,-131.6461,61.39,80,100,8.08,US,1630106755
164,Muslyumovo,55.3033,53.1947,47.77,79,1,9.64,RU,1630106755
165,Xiaoweizhai,26.1903,107.5125,68.23,97,62,3.18,CN,1630106756
166,Disna,55.568,28.1971,59.16,98,100,8.63,BY,1630106756
167,Buckeye,33.3703,-112.5838,115.12,14,0,3.44,US,1630106607
168,Yellowknife,62.456,-114.3525,70.32,56,20,6.91,CA,1630106728
169,Ouésso,1.6136,16.0517,74.7,82,71,2.42,CG,1630106756
170,Srednekolymsk,67.45,153.6833,49.05,64,97,14.47,RU,1630106757
171,Bluff,-46.6,168.3333,49.8,83,99,8.23,NZ,1630106757
172,Qaanaaq,77.484,-69.3632,37.85,89,98,0.89,GL,1630106757
173,Chicama,-7.8447,-79.1469,59.54,76,59,9.55,PE,1630106758
174,Biak,-0.9131,122.8766,75.92,89,88,4.34,ID,1630106758
175,Westport,41.1415,-73.3579,85.55,81,46,1.99,US,1630106758
176,Dajabón,19.5488,-71.7083,86.25,68,44,6.17,DO,1630106758
177,Nador,35.174,-2.9287,77.25,73,0,8.05,MA,1630106759
178,Sinnamary,5.3833,-52.95,79.29,86,84,10.87,GF,1630106759
179,Ayagoz,47.9714,80.4392,62.87,32,0,5.5,KZ,1630106759
180,Concepción,-36.827,-73.0498,51.6,87,90,16.11,CL,1630106686
181,Pangnirtung,66.1451,-65.7125,41.27,99,100,4.16,CA,1630106760
182,Hargeisa,9.56,44.065,70.45,59,17,20.92,SO,1630106760
183,Haines Junction,60.7522,-137.5108,62.55,42,100,5.75,CA,1630106760
184,Banjar,-8.19,114.9675,78.66,88,93,6.06,ID,1630106760
185,Sørland,67.667,12.6934,53.83,81,83,5.55,NO,1630106534
186,Shalakusha,62.2247,40.2539,39.47,88,84,3.09,RU,1630106761
187,Casablanca,33.5928,-7.6192,70.02,81,15,6.64,MA,1630106494
188,Kalmunai,7.4167,81.8167,80.46,71,100,3.27,LK,1630106761
189,Hasaki,35.7333,140.8333,82.8,80,58,1.57,JP,1630106761
190,Alofi,-19.0595,-169.9187,73.29,49,89,13.8,NU,1630106762
191,St. Marys,30.7305,-81.5465,83.1,72,75,5.75,US,1630106762
192,Upernavik,72.7868,-56.1549,38.95,88,100,6.96,GL,1630106762
193,Wuwei,37.9281,102.6414,55.53,60,14,1.36,CN,1630106762
194,Khatanga,71.9667,102.5,36.03,95,100,21.74,RU,1630106763
195,Knysna,-34.0363,23.0471,43.18,71,17,5.84,ZA,1630106763
196,Changde,29.0464,111.6783,68.76,95,98,2.19,CN,1630106763
197,Kuytun,54.3419,101.5036,48.43,83,6,5.73,RU,1630106763
198,Belmonte,-15.8631,-38.8828,75.7,87,51,8.93,BR,1630106764
199,Moyale,3.5167,39.0584,66.09,68,12,6.02,KE,1630106764
200,Debre Sīna,9.85,39.7667,54.36,67,66,4.63,ET,1630106765
201,Isangel,-19.55,169.2667,77.11,73,75,4.61,VU,1630106765
202,Paamiut,61.994,-49.6678,44.1,78,33,6.76,GL,1630106765
203,Bethel,41.3712,-73.414,84.31,82,1,3.44,US,1630106765
204,Ardakān,32.31,54.0175,79.18,19,0,6.62,IR,1630106766
205,Lavrentiya,65.5833,-171.0,43.43,90,97,16.49,RU,1630106766
206,Sarh,9.1429,18.3923,78.71,89,20,0.0,TD,1630106766
207,Ribeira Grande,38.5167,-28.7,72.03,84,99,13.18,PT,1630106767
208,Pulandian,39.3953,121.9669,77.13,76,0,6.44,CN,1630106767
209,Porteirinha,-15.7433,-43.0283,77.92,32,29,12.86,BR,1630106767
210,Hualmay,-11.0964,-77.6139,63.66,79,81,12.17,PE,1630106767
211,Acapulco de Juárez,16.8634,-99.8901,73.22,100,90,13.8,MX,1630106476
212,Hammerfest,70.6634,23.6821,50.45,87,75,19.57,NO,1630106768
213,Palu,-0.8917,119.8707,75.9,95,99,2.55,ID,1630106768
214,Pontianak,-0.0333,109.3333,75.18,100,40,3.44,ID,1630106768
215,Zhangye,38.9342,100.4517,61.88,43,43,1.48,CN,1630106769
216,Passo Fundo,-28.2628,-52.4067,50.47,75,79,9.28,BR,1630106769
217,Schattdorf,46.8655,8.6547,60.37,91,84,1.97,CH,1630106770
218,Geraldton,-28.7667,114.6,43.21,93,2,8.05,AU,1630106770
219,Yar-Sale,66.8333,70.8333,39.61,80,94,11.65,RU,1630106770
220,Coahuayana Viejo,18.7333,-103.6833,85.48,92,100,1.83,MX,1630106771
221,Pacific Grove,36.6177,-121.9166,104.14,64,1,4.0,US,1630106704
222,São João da Barra,-21.6403,-41.0511,70.93,88,14,8.01,BR,1630106771
223,Cabo San Lucas,22.8909,-109.9124,94.6,64,75,3.0,MX,1630106764
224,Nosy Varika,-20.5833,48.5333,66.58,85,65,3.65,MG,1630106771
225,Pevek,69.7008,170.3133,38.25,77,100,13.58,RU,1630106772
226,Adré,13.4667,22.2,79.63,56,97,3.89,TD,1630106772
227,Norman Wells,65.282,-126.8329,71.64,43,20,12.66,CA,1630106772
228,Tessalit,20.1986,1.0114,90.9,27,65,6.26,ML,1630106772
229,Bhairab Bāzār,24.0667,90.9667,82.45,93,100,4.25,BD,1630106773
230,Camaná,-16.6228,-72.7111,61.16,82,78,8.12,PE,1630106773
231,Iqaluit,63.7506,-68.5145,47.93,87,90,17.27,CA,1630106773
232,Camacha,33.0833,-16.3333,69.22,78,20,6.91,PT,1630106773
233,Ahipara,-35.1667,173.1667,61.41,89,82,8.95,NZ,1630106589
234,Havelock,34.8791,-76.9013,84.43,84,57,8.1,US,1630106774
235,Atasū,48.6814,71.6433,67.46,37,2,10.07,KZ,1630106774
236,Alice Springs,-23.7,133.8833,69.35,12,22,5.75,AU,1630106600
237,Katsuura,35.1333,140.3,84.31,79,39,1.63,JP,1630106774
238,Kuminskiy,58.6667,66.5667,44.94,81,73,6.69,RU,1630106775
239,Bollnäs,61.3482,16.3946,52.12,94,99,5.21,SE,1630106775
240,Grindavik,63.8424,-22.4338,52.27,93,90,17.27,IS,1630106775
241,Loandjili,-4.7561,11.8578,73.51,88,40,6.91,CG,1630106776
242,Penzance,50.1186,-5.5371,56.77,78,1,5.95,GB,1630106776
243,Kirakira,-10.4544,161.9205,81.36,83,99,12.71,SB,1630106776
244,Tiznit Province,29.5833,-9.5,73.6,44,7,1.25,MA,1630106776
245,Lerwick,60.1545,-1.1494,53.6,85,7,5.93,GB,1630106777
246,Saint Anthony,45.0205,-93.218,75.49,90,90,3.0,US,1630106777
247,Khovd,48.0056,91.6419,50.65,79,72,2.08,MN,1630106777
248,Mackay,-21.15,149.2,69.78,88,90,6.91,AU,1630106777
249,Laguna,38.421,-121.4238,104.22,17,90,3.0,US,1630106778
250,Ondjiva,-17.0667,15.7333,64.76,28,0,14.52,AO,1630106778
251,Coyhaique,-45.5752,-72.0662,39.15,93,90,5.75,CL,1630106778
252,San Policarpo,12.1791,125.5072,80.38,83,94,3.58,PH,1630106778
253,Inzer,54.2167,57.5556,61.34,95,93,1.32,RU,1630106779
254,Aklavik,68.2191,-135.0107,63.32,48,75,4.61,CA,1630106779
255,Frankfort,-27.2667,28.4833,55.13,42,72,7.78,ZA,1630106779
256,Altamont,42.2068,-121.7372,86.77,15,1,5.01,US,1630106780
257,Innisfail,-17.5333,146.0333,74.21,83,97,3.98,AU,1630106780
258,Paphos,34.7667,32.4167,78.71,68,0,9.22,CY,1630106780
259,Saldanha,-33.0117,17.9442,44.65,67,91,14.97,ZA,1630106780
260,Okhotsk,59.3833,143.3,58.08,90,100,6.29,RU,1630106781
261,Tasiilaq,65.6145,-37.6368,46.56,99,100,2.46,GL,1630106781
262,Manoel Urbano,-8.8389,-69.2597,87.15,45,97,4.27,BR,1630106781
263,Antofagasta,-23.65,-70.4,56.48,85,23,4.88,CL,1630106782
264,Belyy Yar,53.6039,91.3903,49.89,93,0,2.24,RU,1630106782
265,Aswān,24.0934,32.907,90.7,22,0,11.5,EG,1630106782
266,Mayo,38.8876,-76.5119,84.33,92,75,1.01,US,1630106782
267,Namatanai,-3.6667,152.4333,82.69,73,98,8.81,PG,1630106783
268,Champerico,14.3,-91.9167,84.34,78,50,11.14,GT,1630106783
269,Tateyama,34.9833,139.8667,84.22,84,75,4.61,JP,1630106783
270,Nanortalik,60.1432,-45.2371,41.68,85,8,12.03,GL,1630106783
271,Puerto Madryn,-42.7692,-65.0385,53.69,47,100,21.61,AR,1630106784
272,Abū Zabad,12.35,29.25,75.83,74,21,4.12,SD,1630106784
273,Dzhebariki-Khaya,62.2167,135.8,44.02,84,100,4.72,RU,1630106784
274,Suleja,9.1758,7.1808,72.81,93,99,0.89,NG,1630106785
275,Saint-Joseph,-21.3667,55.6167,68.38,91,88,21.14,RE,1630106785
276,Ponta Delgada,37.7333,-25.6667,70.52,83,40,6.91,PT,1630106785
277,Tayu,-6.5397,111.0518,74.3,76,72,8.08,ID,1630106785
278,Seaford,50.7714,0.1027,58.44,85,34,8.01,GB,1630106732
279,Chui,-33.6971,-53.4616,48.11,77,5,6.33,UY,1630106786
280,Leshukonskoye,64.8989,45.7622,40.17,86,18,4.9,RU,1630106786
281,San Andrés,12.5847,-81.7006,82.96,72,83,9.4,CO,1630106652
282,Oxapampa,-10.5775,-75.4017,61.03,90,91,1.83,PE,1630106786
283,Kandrian,-6.2167,149.55,80.4,83,76,5.48,PG,1630106592
284,Dingle,10.9995,122.6711,78.82,86,92,3.13,PH,1630106787
285,Sabha,27.0377,14.4283,85.84,16,0,10.47,LY,1630106787
286,Port Hedland,-20.3167,118.5667,60.85,77,1,5.75,AU,1630106787
287,San Patricio,28.017,-97.5169,89.06,61,100,10.54,US,1630106788
288,Revelganj,25.7833,84.6667,76.91,91,98,6.85,IN,1630106788
289,Iisalmi,63.5592,27.1907,50.02,88,2,2.24,FI,1630106788
290,Buchanan,5.8808,-10.0467,77.32,86,89,5.93,LR,1630106788
291,Lebu,-37.6167,-73.65,48.81,94,100,22.62,CL,1630106789
292,Kologriv,58.8275,44.3178,42.37,81,32,4.74,RU,1630106789
293,Gardelegen,52.5252,11.3952,55.76,94,81,5.14,DE,1630106789
294,Abnūb,27.2696,31.1511,82.62,31,0,14.79,EG,1630106790
295,Pudozh,61.8099,36.5345,45.18,86,100,4.56,RU,1630106790
296,Dunedin,-45.8742,170.5036,47.8,89,100,7.78,NZ,1630106790
297,Karratha,-20.7377,116.8463,70.09,34,0,15.52,AU,1630106790
298,Nālūt,30.3333,10.85,88.16,15,12,3.09,LY,1630106791
299,Klaksvík,62.2266,-6.589,50.92,90,100,10.67,FO,1630106791
300,Hilo,19.7297,-155.09,84.27,76,90,0.0,US,1630106769
301,Miandrivazo,-19.5167,45.4667,71.33,76,0,1.99,MG,1630106791
302,Severo-Kuril'sk,50.6789,156.125,54.3,99,100,11.83,RU,1630106792
303,Batagay,67.6333,134.6333,37.54,96,100,9.35,RU,1630106792
304,Dudinka,69.4058,86.1778,36.25,97,100,17.0,RU,1630106792
305,Fundão,-19.9341,-40.4047,74.73,87,26,2.73,BR,1630106792
306,Aksarka,66.5606,67.7975,39.27,82,90,9.22,RU,1630106793
307,Pisco,-13.7,-76.2167,62.65,77,0,13.8,PE,1630106793
308,Sobolevo,54.4299,31.8996,57.25,92,99,6.82,RU,1630106793
309,Talnakh,69.4865,88.3972,38.3,97,100,2.28,RU,1630106794
310,Taft,31.7471,54.2088,73.35,19,0,6.91,IR,1630106794
311,Forrest City,35.0081,-90.7898,91.26,46,25,3.98,US,1630106794
312,Fallon,39.4735,-118.7774,89.92,10,40,8.05,US,1630106794
313,Leningradskiy,69.3833,178.4167,37.45,82,100,7.49,RU,1630106795
314,Gigmoto,13.7796,124.39,81.81,83,93,1.9,PH,1630106795
315,Laas,46.6166,10.7002,59.88,90,69,4.09,IT,1630106795
316,Correntina,-13.3433,-44.6367,78.35,30,40,3.4,BR,1630106795
317,Bischwiller,48.7659,7.8583,60.03,88,90,3.44,FR,1630106796
318,Honolulu,21.3069,-157.8583,89.42,52,40,1.01,US,1630106720
319,Hambantota,6.1241,81.1185,79.86,80,99,19.35,LK,1630106796
320,Chiang Khong,20.2613,100.4046,73.72,100,86,0.87,TH,1630106796
321,Ilula,-7.6766,36.0366,57.74,63,2,4.07,TZ,1630106797
322,Tura,25.5198,90.2201,72.77,98,100,4.34,IN,1630106797
323,Ocosingo,17.0667,-92.25,69.94,84,92,3.27,MX,1630106797
324,Lovington,32.944,-103.3485,91.33,34,33,4.0,US,1630106797
325,Conceição da Barra,-18.5933,-39.7322,72.52,84,2,7.56,BR,1630106798
326,Madona,56.8533,26.217,58.87,98,100,9.19,LV,1630106798
327,Mar del Plata,-38.0023,-57.5575,44.62,87,0,4.61,AR,1630106798
328,Bad Doberan,54.1071,11.9005,59.0,98,100,12.37,DE,1630106798
329,Olinda,-8.0089,-34.8553,74.93,73,75,9.22,BR,1630106656
330,Kahului,20.8947,-156.47,87.82,55,40,23.02,US,1630106776
331,Port-Gentil,-0.7193,8.7815,76.96,83,20,9.22,GA,1630106799
332,Gizo Government Station,-8.103,156.8419,83.5,74,34,9.06,SB,1630106799
333,Kachug,53.9606,105.8817,49.21,82,25,1.1,RU,1630106800
334,Vamdrup,55.4276,9.2844,60.15,88,100,9.22,DK,1630106800
335,Akdepe,42.0551,59.3788,75.2,30,25,7.87,TM,1630106800
336,Baoding,38.8511,115.4903,68.58,91,87,2.01,CN,1630106797
337,Uyemskiy,64.4743,40.8524,41.05,87,0,4.47,RU,1630106801
338,Grants Pass,42.439,-123.3284,93.18,34,1,5.01,US,1630106569
339,Merced,37.1666,-120.7516,104.43,8,0,7.99,US,1630106801
340,Meulaboh,4.1363,96.1285,75.96,90,99,4.18,ID,1630106801
341,Zhezkazgan,47.8043,67.7144,70.34,39,0,9.95,KZ,1630106801
342,Kholodnyy,62.7167,147.95,54.72,79,99,2.84,RU,1630106802
343,Esperance,-33.8667,121.9,49.84,79,100,22.53,AU,1630106802
344,Tefé,-3.3542,-64.7114,86.11,42,86,2.01,BR,1630106802
345,Beyneu,45.3167,55.2,78.37,34,0,8.05,KZ,1630106802
346,Lagoa,39.05,-27.9833,70.12,85,96,14.12,PT,1630106803
347,Sitka,57.0531,-135.33,57.09,82,90,16.11,US,1630106803
348,Touros,-5.1989,-35.4608,76.1,73,34,16.51,BR,1630106803
349,Sulangan,11.1373,123.7228,83.01,76,100,6.87,PH,1630106804
350,Sibu,2.3,111.8167,75.51,94,40,4.61,MY,1630106805
351,Maniitsoq,65.4167,-52.9,41.95,81,100,11.7,GL,1630106805
352,Lastoursville,-0.8143,12.7287,72.5,96,25,2.89,GA,1630106805
353,Clyde River,70.4692,-68.5914,39.43,93,75,5.75,CA,1630106806
354,Caucayá,-0.1934,-74.7819,74.23,97,67,3.38,CO,1630106806
355,Sechura,-5.5569,-80.8222,69.87,69,72,18.14,PE,1630106806
356,Najrān,17.4924,44.1277,83.05,23,70,3.47,SA,1630106807
357,Harper,4.375,-7.7169,76.5,89,9,7.78,LR,1630106807
358,Chernyshevskiy,63.0128,112.4714,45.95,74,62,5.41,RU,1630106807
359,Bingöl,38.8847,40.4939,74.95,22,0,5.59,TR,1630106807
360,Severobaykal'sk,55.65,109.3167,52.23,70,30,1.7,RU,1630106808
361,Mossamedes,-15.1961,12.1522,61.16,85,47,1.99,AO,1630106808
362,Guarda,40.5373,-7.2658,55.06,95,24,3.98,PT,1630106543
363,Tuy Hoa,13.0833,109.3,76.01,90,99,3.62,VN,1630106808
364,Corinth,37.9407,22.9573,82.63,66,0,8.05,GR,1630106808
365,Chippewa Falls,44.9369,-91.3929,73.72,89,75,6.91,US,1630106809
366,Ugoofaaru,5.6667,73.0,81.46,79,100,13.96,MV,1630106809
367,Bauchi,10.5,10.0,72.52,89,81,2.55,NG,1630106809
368,Brodek u Přerova,49.4842,17.3382,55.18,96,74,2.42,CZ,1630106810
369,Hithadhoo,-0.6,73.0833,82.58,72,22,11.27,MV,1630106810
370,Los Llanos de Aridane,28.6585,-17.9182,72.12,76,0,10.36,ES,1630106810
371,Hong Kong,22.2855,114.1577,82.38,79,29,14.09,HK,1630106553
372,Marzuq,14.4,46.4667,83.7,46,99,5.79,YE,1630106810
373,Carnarvon,-24.8667,113.6333,51.87,54,0,11.5,AU,1630106811
374,La Ronge,55.1001,-105.2842,59.25,77,90,11.5,CA,1630106811
375,Izhevskoye,54.5567,40.8703,61.14,52,98,11.14,RU,1630106811
376,Suriāpet,17.15,79.6167,78.03,85,100,6.64,IN,1630106811
377,Lakes Entrance,-37.8811,147.981,51.17,89,100,5.17,AU,1630106812
378,Kamiiso,41.8167,140.65,75.58,73,75,3.44,JP,1630106812
379,Puławy,51.4166,21.9694,56.12,96,100,6.49,PL,1630106813
380,Saint-François,46.4154,3.9054,52.41,82,0,3.44,FR,1630106814
381,Zyryanka,65.75,150.85,56.71,79,100,7.4,RU,1630106814
382,Lorengau,-2.0226,147.2712,84.18,71,51,11.03,PG,1630106814
383,Albion,42.2431,-84.753,86.86,74,1,0.0,US,1630106814
384,Oranjestad,12.524,-70.027,84.15,74,20,19.57,AW,1630106815
385,Yagodnoye,62.55,149.6667,58.05,71,93,3.49,RU,1630106815
386,Erdenet,49.0333,104.0833,44.71,86,78,2.42,MN,1630106815
387,Kavieng,-2.5744,150.7967,83.12,77,100,14.2,PG,1630106592
388,Constitución,-35.3333,-72.4167,49.39,88,100,6.71,CL,1630106816
389,Gayéri,12.6497,0.4931,76.33,86,95,9.22,BF,1630106816
390,Luganville,-15.5333,167.1667,80.08,62,40,12.08,VU,1630106816
391,Vila,42.0304,-8.1588,56.7,86,0,2.28,PT,1630106816
392,Kaiyuan,23.6977,103.3037,62.47,95,69,3.11,CN,1630106817
393,Bintulu,3.1667,113.0333,77.41,88,20,5.75,MY,1630106817
394,Great Falls,47.5002,-111.3008,69.19,36,75,16.11,US,1630106541
395,Springbok,-29.6643,17.8865,36.1,86,30,9.66,ZA,1630106817
396,Waipawa,-41.4122,175.5153,49.46,97,100,5.68,NZ,1630106817
397,Mareeba,-17.0,145.4333,75.49,86,47,4.79,AU,1630106818
398,Goderich,43.7501,-81.7165,79.92,73,74,9.22,CA,1630106818
399,Uruguaiana,-29.7547,-57.0883,60.73,55,0,9.22,BR,1630106818
400,Yulara,-25.2406,130.9889,58.84,38,62,11.5,AU,1630106819
401,Manokwari,-0.8667,134.0833,77.99,83,100,1.21,ID,1630106819
402,Rānībennur,14.6167,75.6167,70.63,92,100,9.73,IN,1630106819
403,Tigbao,12.5546,123.3389,81.3,83,98,5.59,PH,1630106819
404,Kidal,18.4411,1.4078,91.29,29,26,5.12,ML,1630106820
405,Pasni,25.2631,63.471,79.18,79,99,5.88,PK,1630106820
406,Indianola,41.3581,-93.5574,91.9,54,1,21.65,US,1630106804
407,Yatou,37.15,122.3833,71.17,77,64,3.74,CN,1630106820
408,Māngrol,21.1167,70.1167,80.15,77,99,9.28,IN,1630106821
409,Slantsy,59.1182,28.0914,58.48,94,99,6.89,RU,1630106821
410,Mae Ramat,16.984,98.5166,75.52,99,100,0.4,TH,1630106821
411,Pendleton,45.6721,-118.7886,81.25,31,1,1.99,US,1630106822
412,Buala,-8.145,159.5921,83.57,75,91,11.21,SB,1630106714
413,Lida,53.8833,25.2997,54.88,89,88,4.92,BY,1630106822
414,Mēga,4.05,38.3,59.99,65,9,13.04,ET,1630106822
415,Las Juntas,19.4167,-104.7,78.33,96,98,3.56,MX,1630106822
416,Dickinson,29.4608,-95.0513,89.87,74,20,5.01,US,1630106757
417,Kuril'sk,45.2333,147.8833,65.3,84,77,7.18,RU,1630106823
418,Iracoubo,5.4802,-53.2011,79.54,84,91,10.22,GF,1630106823
419,Valdemārpils,57.3707,22.5919,60.22,99,100,9.55,LV,1630106823
420,Xichang,27.8964,102.2634,63.75,98,100,2.26,CN,1630106824
421,Machiques,10.0644,-72.545,84.22,66,79,5.68,VE,1630106824
422,Nemuro,43.3236,145.575,65.19,88,68,12.17,JP,1630106824
423,Takoradze,4.8845,-1.7554,77.67,84,76,6.87,GH,1630106824
424,Romanovka,51.7443,42.7527,62.87,38,100,10.07,RU,1630106825
425,Ulaanbaatar,47.9077,106.8832,44.73,87,40,0.0,MN,1630106795
426,Yambio,4.5721,28.3955,68.25,92,20,3.49,SS,1630106825
427,Merano,46.6682,11.1595,61.0,78,82,3.69,IT,1630106825
428,Vila Franca do Campo,37.7167,-25.4333,70.21,90,88,8.99,PT,1630106825
429,Naustdal,61.509,5.7168,53.46,78,2,2.08,NO,1630106826
430,Zhangjiakou,40.81,114.8794,60.64,63,93,3.13,CN,1630106546
431,Burnie,-41.0667,145.9167,47.53,70,100,7.7,AU,1630106826
432,Sos'va,59.1766,61.8558,50.52,64,100,7.14,RU,1630106826
433,Mapimí,25.8167,-103.85,90.37,29,53,8.05,MX,1630106827
434,Korla,41.7597,86.1469,72.88,30,26,12.17,CN,1630106827
435,Evensk,61.95,159.2333,49.46,98,100,3.76,RU,1630106827
436,Kutum,14.2,24.6667,79.41,49,67,8.34,SD,1630106827
437,Kez,57.8979,53.7152,41.29,84,2,6.58,RU,1630106828
438,Uvalde,29.3669,-99.767,88.52,55,1,20.71,US,1630106828
439,Mehamn,71.0357,27.8492,49.06,86,95,32.93,NO,1630106828
440,Huaicheng,23.9051,112.1931,74.75,95,8,1.19,CN,1630106829
441,Zhicheng,30.2956,111.5047,67.87,95,95,0.56,CN,1630106829
442,Parangan,5.0839,119.9383,81.27,80,88,4.41,PH,1630106829
443,Hirara,24.8,125.2833,82.67,89,20,6.91,JP,1630106829
444,Knokke-Heist,51.3333,3.3333,62.6,82,25,5.01,BE,1630106830
445,Pak Phanang,8.3511,100.202,77.02,82,93,4.68,TH,1630106830
446,Petatlán,17.5167,-101.2667,75.0,96,100,7.87,MX,1630106830
447,Tilichiki,60.4667,166.1,54.37,82,78,3.22,RU,1630106830
448,Kupang,-10.1667,123.5833,82.98,65,40,13.8,ID,1630106831
449,Ostrovnoy,68.0531,39.5131,45.79,80,65,20.36,RU,1630106831
450,Christchurch,-43.5333,172.6333,52.92,91,90,3.0,NZ,1630106544
451,Mayumba,-3.432,10.6554,73.58,89,100,6.93,GA,1630106831
452,Minot,48.2325,-101.2963,70.79,79,90,1.99,US,1630106553
453,Khandyga,62.6667,135.6,42.96,89,100,4.7,RU,1630106832
454,Shetpe,44.1667,52.1167,74.55,52,3,4.52,KZ,1630106832
455,Port Augusta,-32.5,137.7667,59.7,59,90,8.34,AU,1630106832
456,Vardø,70.3705,31.1107,52.52,79,86,23.0,NO,1630106832
457,Tual,-5.6667,132.75,77.59,89,100,15.86,ID,1630106833
458,Mildura,-34.2,142.15,56.07,40,33,14.97,AU,1630106833
459,Pathein,16.7833,94.7333,75.85,93,99,4.9,MM,1630106833
460,Claveria,18.6074,121.0832,80.71,82,98,10.58,PH,1630106833
461,Leonidovo,49.2833,142.8667,58.95,97,100,4.16,RU,1630106834
462,Bambanglipuro,-7.95,110.2833,70.88,87,71,4.45,ID,1630106834
463,Bubaque,11.2833,-15.8333,80.35,80,99,10.76,GW,1630106834
464,Pozo Colorado,-23.4923,-58.7972,59.41,74,7,5.48,PY,1630106834
465,Grand Gaube,-20.0064,57.6608,72.0,83,87,13.0,MU,1630106835
466,Ust'-Omchug,61.15,149.6333,54.93,90,100,4.52,RU,1630106835
467,Voyvozh,62.892,54.9635,37.74,94,77,3.38,RU,1630106835
468,Rantepao,-2.9701,119.8978,67.53,99,100,1.16,ID,1630106836
469,Zakamensk,50.3741,103.2863,43.38,91,65,1.63,RU,1630106836
470,Lake Wales,27.9014,-81.5859,83.21,75,1,9.22,US,1630106836
471,Mandera,3.9366,41.867,75.65,60,3,18.28,KE,1630106836
472,São Félix do Xingu,-6.6447,-51.995,82.27,50,46,2.13,BR,1630106837
473,Fort Nelson,58.8053,-122.7002,71.19,40,75,5.75,CA,1630106837
474,São José da Coroa Grande,-8.8978,-35.1478,75.27,77,35,11.59,BR,1630106837
475,Oistins,13.0667,-59.5333,82.49,83,40,17.27,BB,1630106837
476,Menongue,-14.6585,17.691,70.14,28,87,2.01,AO,1630106838
477,Flin Flon,54.7682,-101.865,66.04,55,75,9.22,CA,1630106838
478,Safaga,26.7292,33.9365,89.55,44,0,7.4,EG,1630106838
479,Peniche,39.3558,-9.3811,69.28,93,0,3.36,PT,1630106838
480,Kuching,1.55,110.3333,75.42,94,20,2.3,MY,1630106839
481,Ihosy,-22.4,46.1167,55.92,94,21,7.78,MG,1630106839
482,Bulawayo,-20.15,28.5833,62.73,34,0,5.1,ZW,1630106664
483,Husavik,66.0449,-17.3389,58.91,70,63,17.38,IS,1630106839
484,São Sebastião do Paraíso,-20.9169,-46.9914,69.67,57,84,8.72,BR,1630106565
485,Eureka,40.8021,-124.1637,88.66,67,20,8.01,US,1630106840
486,High Level,58.5169,-117.136,73.51,43,40,5.75,CA,1630106840
487,Puerto Morazán,12.8504,-87.1717,88.38,80,41,5.5,NI,1630106840
488,Tautira,-17.7333,-149.15,77.02,73,34,14.45,PF,1630106841
489,Leh,34.1667,77.5833,57.43,51,32,6.02,IN,1630106841
490,Tiarei,-17.5333,-149.3333,77.02,74,20,13.53,PF,1630106592
491,Tuatapere,-46.1333,167.6833,49.82,83,96,3.31,NZ,1630106841
492,Half Moon Bay,37.4636,-122.4286,102.58,29,1,9.22,US,1630106818
493,Sikonge,-5.6333,32.7667,68.83,23,11,4.81,TZ,1630106842
494,Unaí,-16.3575,-46.9061,78.78,34,3,2.42,BR,1630106842
495,Bo Rai,12.5728,102.5371,73.35,96,100,1.03,TH,1630106842
496,Aasiaat,68.7098,-52.8699,37.69,88,75,7.52,GL,1630106842
497,Luba,3.4568,8.5547,76.87,89,89,4.23,GQ,1630106843
498,Bodītī,6.9667,37.8667,58.26,85,100,1.16,ET,1630106843
499,Oga,46.4631,10.347,52.48,91,54,4.47,IT,1630106843
500,Bereda,43.2686,-7.5406,63.91,97,20,2.17,ES,1630106843
501,La Paz,-16.5,-68.15,51.78,27,75,11.5,BO,1630106650
502,Papar,5.7333,115.9333,77.0,88,100,3.78,MY,1630106844
503,Oussouye,12.485,-16.5469,82.49,86,99,4.54,SN,1630106722
504,Elk City,35.412,-99.4043,93.69,36,75,12.66,US,1630106844
505,Bowen,-20.0167,148.2333,73.62,78,90,7.52,AU,1630106844
506,Le Mars,42.7942,-96.1656,89.11,19,29,14.12,US,1630106800
507,Nabire,-3.3667,135.4833,76.77,88,99,2.55,ID,1630106845
508,Souillac,-20.5167,57.5167,71.98,88,75,17.27,MU,1630106845
509,Borba,-4.3878,-59.5939,81.07,61,89,2.42,BR,1630106845
510,Maridi,4.9158,29.4742,71.51,85,37,2.44,SS,1630106846
511,Weinan,34.5036,109.5089,69.49,76,75,0.43,CN,1630106846
512,Porto-Novo,6.4965,2.6036,75.02,92,92,6.06,BJ,1630106670
513,Kaoma,-14.7833,24.8,63.05,27,3,6.02,ZM,1630106846
514,Jõgeva,58.7467,26.3939,58.84,94,100,8.88,EE,1630106847
515,Kurisove,46.9695,30.9591,66.65,59,0,4.61,UA,1630106847
516,Ryki,51.6257,21.9327,55.98,95,100,5.93,PL,1630106847
517,Quatre Cocos,-20.2078,57.7625,71.71,90,96,22.17,MU,1630106847
518,Kavaratti,10.5669,72.642,79.45,81,100,17.56,IN,1630106848
519,Rāmāpuram,13.1167,79.2,74.66,89,100,13.02,IN,1630106848
520,Alice Town,25.7167,-79.3,83.41,79,100,19.73,BS,1630106848
521,Nantucket,41.2835,-70.0995,80.71,74,1,4.61,US,1630106812
522,Nueva Loja,0.0847,-76.8828,73.89,87,86,2.24,EC,1630106849
523,Pimentel,-6.8367,-79.9342,64.69,72,0,23.02,PE,1630106849
524,Mount Isa,-20.7333,139.5,67.77,18,0,0.0,AU,1630106849
525,Zhigansk,66.7697,123.3711,39.09,85,100,5.73,RU,1630106849
526,Kungurtug,50.5994,97.5228,43.59,81,46,2.73,RU,1630106850
527,Visby,57.6409,18.296,59.95,94,75,11.5,SE,1630106850
528,Adrar,20.5022,-10.0711,84.97,47,94,22.21,MR,1630106850
529,Sal Rei,16.1833,-22.9167,79.36,83,22,10.96,CV,1630106850
530,Kjøllefjord,70.9457,27.3465,49.24,87,99,31.56,NO,1630106851
531,Malpe,13.35,74.7167,76.3,91,100,11.48,IN,1630106851
532,Banda Aceh,5.5577,95.3222,77.67,78,72,8.19,ID,1630106851
533,Lalibela,12.0333,39.0333,56.3,76,74,1.72,ET,1630106852
534,Cayenne,4.9333,-52.3333,83.08,81,0,3.0,GF,1630106852
535,Mogadishu,2.0371,45.3438,76.15,75,93,18.16,SO,1630106555
536,Semikarakorsk,47.5194,40.8112,67.87,63,100,1.95,RU,1630106852
537,Jumla,29.2747,82.1838,62.08,99,100,2.08,NP,1630106852
538,Kimbe,-5.5502,150.1429,84.52,69,62,1.07,PG,1630106853
539,Flinders,-34.5833,150.8552,56.17,73,100,4.0,AU,1630106853
540,Codrington,-38.2667,141.9667,47.8,68,77,11.72,AU,1630106853
541,Deseronto,44.2001,-77.0494,74.95,36,37,12.33,CA,1630106853
542,Caxito,-8.5785,13.6643,70.45,82,99,2.15,AO,1630106854
543,Edd,13.9297,41.6925,90.66,65,67,5.41,ER,1630106854
544,Turaif,31.6725,38.6637,86.25,19,0,6.91,SA,1630106854
545,Omsukchan,62.5333,155.8,55.99,83,89,7.54,RU,1630106854
546,Ghogha,21.6833,72.2833,80.58,73,67,10.09,IN,1630106855
547,Srirāmpur,22.9489,88.0189,82.24,94,100,5.14,IN,1630106855
548,Yumen,40.2833,97.2,59.92,43,83,9.93,CN,1630106855
549,Laramie,41.3114,-105.5911,82.49,19,20,3.0,US,1630106856
550,Pitimbu,-7.4706,-34.8086,73.99,78,30,11.27,BR,1630106856
551,Bembèrèkè,10.2283,2.6634,70.0,93,98,0.78,BJ,1630106856
552,Belaya Gora,68.5333,146.4167,44.55,84,100,15.43,RU,1630106856
553,Turinsk,58.0458,63.696,44.83,86,73,6.6,RU,1630106857
554,Auki,-8.7676,160.7034,83.08,71,92,4.68,SB,1630106857
555,Chyorny Yar,48.0624,46.1091,76.51,36,100,7.45,RU,1630106857
556,Sioux Lookout,50.1001,-91.917,64.47,68,90,9.22,CA,1630106858
557,Gossaigaon,26.4481,89.989,75.0,98,100,6.46,IN,1630106858
558,Toyooka,35.5333,134.8333,82.51,69,13,0.29,JP,1630106858
559,Liverpool,53.4106,-2.9779,58.6,77,75,6.91,GB,1630106575
560,Cap Malheureux,-19.9842,57.6142,72.09,83,85,13.0,MU,1630106858
561,Batié,9.8833,-2.9167,72.63,93,78,3.89,BF,1630106859
562,Vestmanna,62.1564,-7.1664,49.12,100,90,4.61,FO,1630106859
563,San Juan,-31.5375,-68.5364,61.16,20,33,6.51,AR,1630106859
564,Sabang,5.8933,95.3214,81.1,74,57,11.01,ID,1630106859
565,Mbandaka,0.0487,18.2603,72.16,88,99,3.91,CD,1630106712
566,Mizdah,31.4451,12.9801,81.23,40,18,6.38,LY,1630106860
567,Cedar City,37.6775,-113.0619,87.4,9,1,10.36,US,1630106668
